Ab Wheel Rollout	file_0000000040508210bdb543f3747f8a3c.png	card_ab_wheel_rollout
Arnold Press	file_0000000082a08210a1c5d6fec134d507.png	card_arnold_press
Back Squat	028_back_squat_start_midpoint.png	card_back_squat
Barbell Calf Raise	file_00000000f38c81f4ab7f11ea092bc351.png	card_barbell_calf_raise
Barbell Curl	file_00000000231481f4a3bc316c686ff55a.png	card_barbell_curl
Barbell Overhead Press	Reps100-68-Barbell-Overhead-Press.png	card_barbell_overhead_press
Barbell Row	021_barbell_row_start_midpoint.png	card_barbell_row
Barbell Shrugs	file_0000000055fc81f48d05c4f23846ed68.png	card_barbell_shrugs
Barbell Snatch	file_00000000621881f48c3aca9c06c28f59.png	card_barbell_snatch
Bench Press	006_bench_press_start_midpoint.png	card_bench_press
Bicycle Crunch	file_00000000227081f486f39238564fdc94.png	card_bicycle_crunch
Bird Dog	file_00000000d7948210992bdb41621be212.png	card_bird_dog
Bodyweight Kickbacks	file_00000000a5bc8246af1efb5ed1dd760f.png	card_bodyweight_kickbacks
Bodyweight Lunge	file_00000000bcdc824395cfc4231158573f.png	card_bodyweight_lunge
Bodyweight Reverse Lunge	file_0000000005e08211af088ab5b214e0ea.png	card_bodyweight_reverse_lunge
Bodyweight Side Lunge	file_00000000bfa08210a89f1b55fb8647a8.png	card_bodyweight_side_lunge
Bodyweight Single Leg Calf Raise	Reps100-67-Bodyweight-Single-Leg-Calf-Raise.png	card_bodyweight_single_leg_calf_raise
Bodyweight Squat	file_00000000cc4481f6854386c570586fa2.png	card_bodyweight_squat
Bodyweight Step-Up	file_0000000019dc81f4b6f53ff12c980265.png	card_bodyweight_step_up
Bodyweight Sumo Squat	file_000000004474822f9b68c682eb9d7073.png	card_bodyweight_sumo_squat
Box Jumps	file_00000000704c81fbba10dec32bf68e9f.png	card_box_jumps
Bulgarian Split Squat	file_00000000213881f4908e5be9d2116b73.png	card_bulgarian_split_squat
Burpee	file_000000004aac82118285310db70befc4.png	card_burpee
Cable Curl	file_00000000893882309199c44b1f8dd85e.png	card_cable_curl
Cable Fly	013_cable_fly_start_midpoint-1.png	card_cable_fly
Cable Kickback	file_0000000049ec8210ba8adcfd79b5d56d.png	card_cable_kickback
Cable Lateral Raise	file_00000000f6fc8210b0b8a867ffcdd58a.png	card_cable_lateral_raise
Cable Wood Chop	file_0000000071548210ac1659fb7810665b.png	card_cable_wood_chop
Chest-Supported Row	024_chest_supported_row_start_midpoint.png	card_chest_supported_row
Chin Up	018_chin_up_start_midpoint.png	card_chin_up
Close-Grip Bench Press	009_close_grip_bench_press_start_midpoint.png	card_close_grip_bench_press
Concentration Curl	file_000000007c24820b9236040794dcd666.png	card_concentration_curl
Conventional Deadlift	file_00000000705c8243be66dc0b04fb0dfd.png	card_conventional_deadlift
Crunches	file_000000007acc81f4ab1cfc0d6cbebd0c.png	card_crunches
Dead Bug	file_0000000007e881f4b37ac7de87f3120a.png	card_dead_bug
Decline Bench Press	008_decline_bench_press_start_midpoint.png	card_decline_bench_press
Decline Push-Up	003_decline_push_up_start_midpoint.png	card_decline_push_up
Diamond Push-Up	004_diamond_push_up_start_midpoint.png	card_diamond_push_up
Dips	015_dips_start_midpoint.png	card_dips
Donkey Kicks	file_00000000c6a88210bc3cf182e7499409.png	card_donkey_kicks
Dumbbell Bench Press	010_dumbbell_bench_press_start_midpoint.png	card_dumbbell_bench_press
Dumbbell Calf Raise	Reps100-66-Dumbbell-Calf-Raise.png	card_dumbbell_calf_raise
Dumbbell Curl	file_00000000abbc8210b9e2886b102658ac.png	card_dumbbell_curl
Dumbbell Fly	012_dumbbell_fly_start_midpoint.png	card_dumbbell_fly
Dumbbell Leg Curl	file_00000000208081f4ac1e7feadee2422f.png	card_dumbbell_leg_curl
Dumbbell Lunges	036_dumbbell_lunges_start_midpoint.png	card_dumbbell_lunges
Dumbbell Romanian Deadlift	file_00000000ed888206870e57abd9924c0d.png	card_dumbbell_romanian_deadlift
Dumbbell Row	023_dumbbell_row_start_midpoint.png	card_dumbbell_row
Dumbbell Shoulder Press	Reps100-69-Dumbbell-Shoulder-Press.png	card_dumbbell_shoulder_press
Dumbbell Shrugs	file_000000006b7082468ab1c442273b7d63.png	card_dumbbell_shrugs
Dumbbell Skull Crusher	file_00000000f00481f4b7038156ad815da5.png	card_dumbbell_skull_crusher
Dumbbell Squat	031_dumbbell_squat_start_midpoint.png	card_dumbbell_squat
Dumbbell Thruster	file_00000000d04081f4b911b1a4c8425fd9.png	card_dumbbell_thruster
F914Dbae2Bdcb3Fe35339Ccf752E2E8C63Cf00F9F3E63A83B8F37C3E64945Bcc	f914dbae2bdcb3fe35339ccf752e2e8c63cf00f9f3e63a83b8f37c3e64945bcc.png	card_f914dbae2bdcb3fe35339ccf752e2e8c63cf00f9f3e63a83b8f37c3e64945bcc
Face Pull	026_face_pull_start_midpoint.png	card_face_pull
Forward-Back Jumps	file_000000003a7881f9b9e1e667d56cbed7.png	card_forward_back_jumps
Front Raise	file_0000000059c481f49131a23a4aff0bae.png	card_front_raise
Front Squat	029_front_squat_start_midpoint-1.png	card_front_squat
Glute Bridge	file_00000000bd6c81f5813303288c8c268b.png	card_glute_bridge
Goblet Squat	030_goblet_squat_start_midpoint.png	card_goblet_squat
Good Morning	file_00000000662881f49590d33a16878edb.png	card_good_morning
Hack Squat	032_hack_squat_start_midpoint.png	card_hack_squat
Hammer Curl	file_000000003e208246855e00499d505c73.png	card_hammer_curl
Hanging Knee Raise	file_000000000ec482109032d76c64c0e4b1.png	card_hanging_knee_raise
Hanging Leg Raise	file_000000003e3081f4bfd4395333fc1552.png	card_hanging_leg_raise
High Knees	file_000000001d2481f4bf0daf080462b6ae.png	card_high_knees
Hip Abduction	file_00000000fd1c81f6989d1bbb83dac337.png	card_hip_abduction
Hip Adduction	file_00000000269481f9ab52bbefbfcc8294.png	card_hip_adduction
Hip Thrust	file_000000002ce881f6a09a4fea09d38589.png	card_hip_thrust
Incline Bench Press	007_incline_bench_press_start_midpoint.png	card_incline_bench_press
Incline Dumbbell Curl	file_0000000072648210bc39e8a6574302ff.png	card_incline_dumbbell_curl
Incline Dumbbell Press	011_incline_dumbbell_press_start_midpoint.png	card_incline_dumbbell_press
Incline Push-Up	002_incline_push_up_start_midpoint.png	card_incline_push_up
Inverted Row	027_inverted_row_start_midpoint.png	card_inverted_row
Jumping Jack	file_0000000019e0822f9f57fd76750121a1.png	card_jumping_jack
Kettlebell Clean	file_0000000024c881f4b354cd2e1a979829.png	card_kettlebell_clean
Kettlebell Deadlift	file_00000000345881f4bedcc18801b611ec.png	card_kettlebell_deadlift
Kettlebell Goblet Squat	file_0000000083dc8210950b8713a65b8d6b.png	card_kettlebell_goblet_squat
Kettlebell One Arm Press	file_000000009d308210a28f83fd494c807c.png	card_kettlebell_one_arm_press
Kettlebell Snatch	file_00000000d44881f48083cce6c2b834fd.png	card_kettlebell_snatch
Kettlebell Swing	file_00000000a3a88210ac9c5c20ad607048.png	card_kettlebell_swing
Kettlebell Thruster	file_000000005cd081f4a361f7fe33c70550.png	card_kettlebell_thruster
Lat Pulldown	019_lat_pulldown_start_midpoint.png	card_lat_pulldown
Lateral Raise	file_0000000074e881f4bd4a2a3cf29feec3.png	card_lateral_raise
Leg Extension	034_leg_extension_start_midpoint.png	card_leg_extension
Leg Press	033_leg_press_start_midpoint.png	card_leg_press
Lying Back Extension	file_00000000a9a082438ba44bce4823abce.png	card_lying_back_extension
Lying Leg Curl	file_00000000aee081f49cf3418d55d6b02b.png	card_lying_leg_curl
Lying Leg Raise	file_00000000a3ec8210a59ec9acb22c93e5.png	card_lying_leg_raise
Machine Chest Press Pec Deck	014_machine_chest_press_pec_deck_start_midpoint.png	card_machine_chest_press_pec_deck
Mountain Climber	file_000000008ffc81f48f31e619173ef00b.png	card_mountain_climber
Overhead Cable Tricep Extension	file_0000000021e88210b4101a3cda11dfe4.png	card_overhead_cable_tricep_extension
Overhead Tricep Extension	file_0000000088cc81f4a36d446aa7882cfa.png	card_overhead_tricep_extension
Pendlay Row	022_pendlay_row_start_midpoint.png	card_pendlay_row
Preacher Curl	file_000000006aac81f5a3c89cc92fd25e6f.png	card_preacher_curl
Prone Alternate Back Raise	file_000000007cb082108fc93923d7d239ff.png	card_prone_alternate_back_raise
Pull Up	017_pull_up_start_midpoint.png	card_pull_up
Push-Up	001_push_up_start_midpoint.png	card_push_up
Rear Delt Fly	file_00000000f39082438bd18784803ee0af.png	card_rear_delt_fly
Reverse Crunch	file_00000000c30082108c83bd98bda82d8e.png	card_reverse_crunch
Reverse Curl	file_000000008c74820e8ac4fbd71a384243.png	card_reverse_curl
Reverse Lunge	037_reverse_lunge_start_midpoint.png	card_reverse_lunge
Romanian Deadlift	file_000000003a7481f4857340145b24dc41.png	card_romanian_deadlift
Russian Twists	file_000000003d588246a4fb8296b0bd02ea.png	card_russian_twists
Scissor Kicks	file_000000000dac81f493472af4ae405803.png	card_scissor_kicks
Seated Cable Row	025_seated_cable_row_start_midpoint.png	card_seated_cable_row
Side-to-Side Jumps	file_0000000085fc81f485932fc01368f99a.png	card_side_to_side_jumps
Single Leg Glute Bridge	file_00000000256882109c62665ebf9b1c91.png	card_single_leg_glute_bridge
Single Leg Squat	file_000000002cac8211993b4e728f227ea6.png	card_single_leg_squat
Sit-Up	file_00000000934c82439b0ea8937cdbbb19.png	card_sit_up
Sitting Knee Tucks	file_00000000d7f881f485e07e452a396e02.png	card_sitting_knee_tucks
Squat Jumps	file_00000000d35881f6bb9f8c8c5cc729b0.png	card_squat_jumps
Standing Cable Crunches	file_00000000c0808243b747e8140ae8a06d.png	card_standing_cable_crunches
Standing Hip Adduction	file_00000000d95881f4b065a99f85780c91.png	card_standing_hip_adduction
Standing Hip Kickback	file_0000000085788210a547c3c94ce37b38.png	card_standing_hip_kickback
Standing Single Leg Deadlift	file_000000000db48246a33a137a57c66b3e.png	card_standing_single_leg_deadlift
Straight Arm Pulldown	020_straight_arm_pulldown_start_midpoint.png	card_straight_arm_pulldown
Sumo Deadlift	file_00000000faf0820e8e015c9e9f6416d5.png	card_sumo_deadlift
Trap Bar Deadlift	file_000000001f0881f59b4f1b481e09fc4e.png	card_trap_bar_deadlift
Trap Bar Shrugs	file_00000000edac821091b92c4d1f08f02f.png	card_trap_bar_shrugs
Tricep Kickback	file_00000000441c81f4b311fd22f95e0fbc.png	card_tricep_kickback
Triceps Dips On A Bench	016_triceps_dips_on_a_bench_start_midpoint.png	card_triceps_dips_on_a_bench
Tuck Jumps	file_000000002a5081f4ba07ee1441a466b5.png	card_tuck_jumps
Turkish Get-Up	file_0000000056948243a511b787a209eee1.png	card_turkish_get_up
Upright Row	file_00000000f5488210a9aadd02451c1a00.png	card_upright_row
V Push Ups	file_0000000040388210a8e9ce85b8a8b9f1.png	card_v_push_ups
V-Ups	file_00000000b09c81f482a6a117c88ffdc7.png	card_v_ups
Wide Push-Up	005_wide_push_up_start_midpoint.png	card_wide_push_up
